author,creator,titles,dates,publishers,languages,subjects,descriptions,earliest_year,latest_year,Frequency,urls
Gamel Woolsey,"['Woolsey, Gamel,1895-1968.']",[[Twenty eight sonnets]],[1977.0],['North Walsham Warren House Press'],['eng'],['American poetry.'],[nan],1977.0,1977.0,1,['https://encrypted-tbn0.gstatic.com/images?q=tbn:ANd9GcT2XBv8FCetrbtAa0iPYwCIcFt-uRC4n7UTlhPqb70a94PEwxpps5U_5WKcZg&s']
Joshua Middleton,"['Middleton, Joshua,1647-1720.']",[[A tender and compassionate call to prophane swearers. And takers of the holy name of God in vain. By Joshua Middleton.]],[1708.0],"['London : printed and sold by J. Sowle,']",['eng'],[nan],['ESTC'],1708.0,1708.0,1,['https://encrypted-tbn0.gstatic.com/images?q=tbn:ANd9GcRKqyOiBXiOLa_XEgz_oZDHM65Kdd6JAkuYRUp41j9dDyTPohT-B5CwGjgo4g&s']
H. C. Bailey,"['Bailey, H. C.(Henry Christopher),1878-1961.', 'Bailey, H. C.(Henry Christopher),1878-1961.']","[[The gentleman adventurer., The pillar of fire.]]","[1914.0, 1918.0]","['London, ', 'London, ']","['eng', 'eng']","[nan, nan]","[nan, nan]",1914.0,1918.0,2,"['https://encrypted-tbn0.gstatic.com/images?q=tbn:ANd9GcQTCwNoM_foaVAtiIvG-UEUvRWyF8ZnLXxQ1DBNmNzNMl2sfoUEAG7No-3IUA&s', 'https://encrypted-tbn0.gstatic.com/images?q=tbn:ANd9GcS7gvd7qOx6u7EgJpJCtXTtfbgFAezPUlx0nJzq85dqyPsyZDEkw4_qjzQPHg&s']"
Donald Maclean,"['Maclean, Donald,1869-1943.']",[[Duthil : past and present /]],[1910.0],"['Inverness : Northern Counties Newspaper and Print. and Pub. Co. ; Edinburgh : J. Thin,']",['eng'],['Parishes'],[nan],1910.0,1910.0,1,['https://encrypted-tbn0.gstatic.com/images?q=tbn:ANd9GcRnBY4NJ2D2C2SXujnpnLtU6OZDW7bX-UBZLO4ztt4h39rDuQ9rkOeIXLGzLnQ&s']
John Henry Newman,"['Newman, John Henry,1801-1890.', 'Newman, John Henry,1801-1890.']","[[The church of the fathers., The life of Apollonius Tyanaeus. With a comparison between the miracles of scripture and those elsewhere related, as regards their respective object, nature, and evidence. Reprinted from the original edition [in Edward Smedley\s ""Encyclopaedia Metropolitana"".]]]","[1868.0, 1860.0]","['London,', '[S.l.,']","['eng', 'eng']","[nan, nan]","[nan, nan]",1860.0,1868.0,2,"['https://encrypted-tbn0.gstatic.com/images?q=tbn:ANd9GcQXyRDMYyh8JXL8WyxUmUMvMhNFjsSkrpb_8dk9ZCbPwleQHsCmWJGq0lpdgg&s', 'https://www.uoduckstore.com/TDS%20Product%20Images/QuickStudy%20Book%20for%20Calculus_1.jpg?resizeid=3&resizeh=195&resizew=195']"
Jean Devanny,"['Devanny, Jean,1894-1962.', 'Devanny, Jean,1894-1962.']","[[The ghost wife., Lenore divine.]]","[1935.0, 1926.0]","['London, ', 'London, ']","['eng', 'eng']","[nan, nan]","[nan, nan]",1926.0,1935.0,2,"['https://encrypted-tbn0.gstatic.com/images?q=tbn:ANd9GcQ27INUxJqI1PYstO_m28wmct_pmR5BZ-9AmxVxop__Jq7Akx4XQebqUggLCtw&s', 'https://encrypted-tbn0.gstatic.com/images?q=tbn:ANd9GcTMVP95h3pQABxB511lhjYGFtZr6wuvWVYXwPD51TplVqTPIbND0JPwwP6sjY8&s']"
James Moore,"['Moore, James.', 'Moore, James,1929-', 'Moore, James,1819-1883.']","[[Jacques Lipchitz: sketches in bronze /, Gurdjieff : a biography /, James Moore 1819-1883 : a catalogue of the exhibition with an introduction and an appendix listing the remaining works by James Moore in the Ulster Museum collections : Ulster Museum, 15th August-24th September 1973 /]]","[1969.0, 1999.0, 1973.0]","['London Pall Mall P', 'Shaftesbury : Element,', 'Belfast : Ulster Museum,']","['eng', 'eng', 'eng']","['Lipchitz, Jacques, 1891-', 'Philosophers', 'Moore, James, 1819-1883.']","['bibl p30-32', 'Includes bibliographical references and index.', 'Includes bibliographical references and index.']",1969.0,1999.0,3,"['https://encrypted-tbn0.gstatic.com/images?q=tbn:ANd9GcT8eahO89ugp4Fc8a7lxYhqyF_2CC8cfRfonBN84adQSkhEbKEFSMfnwQP7Sw&s', 'https://encrypted-tbn0.gstatic.com/images?q=tbn:ANd9GcQdJplKAilq5UrSYaDDeZA7ZKYKjEYX47CU8ZgPnyQin6U7u1rF9DfDNSFZNeE&s', 'https://encrypted-tbn0.gstatic.com/images?q=tbn:ANd9GcRAqPVQp2xWEBXkxIs3TExTihHHTmkwXTxjoxGPfqSsH0gtQ2IkDvgDbvJVsjw&s']"
Thomas Wells Bray,"['Bray, Thomas Wells,1738-1808.']","[[The duty of living and dying to the Lord, considered, in a sermon, delivered at the funeral of the Rev. Amos Fowler, A.M. Pastor of the First Church in Guilford: who died February 10th, 1800, aet. 72 years, and in the 43d of his ministry. Now published, by the desire and at the expence of the bereaved congregation. By Thomas Wells Bray, A.M. Pastor of the Third Church in Guilford. [One line from I Corinthians]]]",[1800.0],"['Middletown [Conn.] : Printed by T. & J.B. Dunning,']",['eng'],[nan],"['Evans 37037; Trumbull, J.H. Connecticut, 390']",1800.0,1800.0,1,['https://encrypted-tbn0.gstatic.com/images?q=tbn:ANd9GcQdzdQ_sc4pOpZPEq910gW_YZmqozEkHgIkHtGDpJUASTKUJLgt0MPu7eet5g&s']
Pierre Corneille,"['Corneille, Pierre,1606-1684.']",[[Corneille. [Extracts from] Le Cid - Horace - Polyeucte - Rodogune - Nicomede. [In shorthand.]]],[1893.0],"['Paris,']",['fre'],[nan],[nan],1893.0,1893.0,1,['https://encrypted-tbn0.gstatic.com/images?q=tbn:ANd9GcTG9uiQ397MjFwkUGpQiw8tfhkjyIrcgnbSw3bnx5KzvWC-sYvVG32ZkaAamw&s']
Antoni Sonimski,"['Słonimski, Antoni,1895-1976.']",[[Dzieła /]],[1959.0],"['Warszawa,']",['pol'],[nan],[nan],1959.0,1959.0,1,['https://encrypted-tbn0.gstatic.com/images?q=tbn:ANd9GcRY3JTEG3nkgwU5bSu7cBg_q12weR122UQvpZKyQQoJ5-H1CMWKOn_tIZFd744&s']
David Dilks,"['Dilks, David,1938-']",[[Curzon in India [in 2vols]]],[1969.0],"['London Hart-Davis,']",['eng'],"['Curzon, George Nathaniel Curzon, Marquis of, 1859-1925.']",[nan],1969.0,1969.0,1,['https://encrypted-tbn0.gstatic.com/images?q=tbn:ANd9GcSoZCcuUZnglaG_RqsOLbCtba2Mkv9kJnLVgfRe-hQ-B_Auo8VyglPnfUn3g9I&s']
George Whitefield,"['Whitefield, George,1714-1770.', 'Whitefield, George,1714-1770.', 'Whitefield, George,1714-1770.', 'Whitefield, George,1714-1770.aut', 'Whitefield, George,1714-1770.']","[[Sermons on various subjects. Viz. I. Of our new birth in Christ Jesus. ... X. Thankfulness for mercies received a necessary duty. By George Whitefield, ..., A collection of hymns for social worship ... by George Whitefield. ..., ""Ten sermons on the following subjects; viz. I. Christ, the believers husband. ... X. The conversion of Zaccheus. By Mr. George Whitefield."", ""A letter to the Reverend Mr. George Whitefield, by way of reply to his answer to the college testimony against him and his conduct. By Edward Wigglesworth, D.D. Professor of divinity in said college. To which is added, the Reverend presidents answer to the things chargd upon him by the said Mr. Whitefield, as inconsistences. [Six lines from II. Corinthians]."", Fifteen sermons preached on various important subjects By George Whitefield, ... Carefully corrected and revised ... To which is prefixed a sermon, on the character, preaching, &c. of the Rev. Mr. Whitefield. By Joseph Smith, V.D.M.]]","[1739.0, 1795.0, 1751.0, 1745.0, 1794.0]","['London : printed for C. Rivington, and J. Hutton,', 'London : printed and published by G. Thompson,', 'Glasgow : printed by W. Mitchell and J. Knox, for John Smith book-binder,', 'Boston, N.E. : Printed and sold by T. Fleet, at the Heart and Crown in Cornhill,', 'Paisley : printed by J. Neilson, for J. Gillies, Glasgow,']","['eng', 'eng', 'eng', 'eng', 'eng']","[nan, nan, nan, nan, nan]","['ESTC', 'ESTC', 'ESTC', 'Evans 5715', 'ESTC']",1739.0,1795.0,5,"['https://encrypted-tbn0.gstatic.com/images?q=tbn:ANd9GcTSjLfVmzuQKGgazyBX13Es-0jH2P0QLBdLy1-oli0tDmzSb3yEMhXOy-UvIQ&s', 'https://encrypted-tbn0.gstatic.com/images?q=tbn:ANd9GcRuXqSxoTkf6gJU8I4WC8FZirZbXtadjvYzyN5coOzX0aOMahop-HyM3FBeluM&s', 'https://encrypted-tbn0.gstatic.com/images?q=tbn:ANd9GcSQYogU_y6-RY5wb2Qj2doXNKoSzPMrGlhGKiMx3BlNBWklJA3KupZbDrxgEA&s', 'https://encrypted-tbn0.gstatic.com/images?q=tbn:ANd9GcRFV39kkOaQWNozrrxX7mg47A498Zjs_o33qM_wC6e2btIz6Ba_sO75bGRTtA&s', 'https://encrypted-tbn0.gstatic.com/images?q=tbn:ANd9GcS16fNZSCQoIpgxQcC8f6d4YTLEin_L-l-41_fiyEH1R_MjR2rA01j_pthB&s']"
Keith Williams,"['Williams, Keith,1945-']",[[One dog and his man : a 2001 farming diary /]],[2002.0],"['Usk : Oakwood Press,']",['eng'],['Foot-and-mouth disease'],[nan],2002.0,2002.0,1,['https://encrypted-tbn0.gstatic.com/images?q=tbn:ANd9GcTusGlQu8lEBDyJo6cRqr52oNnG9hPAL_TNhFWm5pkIjlCqZYXDhPkdCYT5NmI&s']
Richard Hollingworth,"['Hollingworth, Richard,1607-1656.']","[""An answer to a certain writing, entituled, Certain doubts and quaere's upon occasion of the late oath and covenant, with desire of satisfaction, for tender conscienced people, to whom it may be exhibited..""]",[1643.0],"['London, : Printed for Luke Fawne ...,']",['eng'],['Solemn League and Covenant (1643)'],['Wing (2nd ed.)'],1643.0,1643.0,1,['https://encrypted-tbn0.gstatic.com/images?q=tbn:ANd9GcRipglQdwRmch2R7t7FFvG4GIIHsFajYJjHPYp0mifAbpFvmSfdr4FvgymwX8w&s']
Robert Taylor,"['Taylor, Robert,1946-']",[[The air combat paintings of Robert Taylor /]],[1987.0],['Newton Abbot David & Charles'],['eng'],"['Airplanes, Military in art.']",[nan],1987.0,1987.0,1,['https://encrypted-tbn0.gstatic.com/images?q=tbn:ANd9GcRlW9dYSEVmxgO-eliJf2-qEieqq1DOl6Up7Htwheg03b39ouTcH52LEee9n0M&s']
Arthur H. Haley,"['Haley, Arthur H.(Arthur Henry),1912-', 'Haley, Arthur H.(Arthur Henry),1912-']","[[The Munro letters /, The soldier who walked away : autobiography of Andrew Pearson : a Peninsular War veteran /]]","[1992.0, 1987.0]","['Liverpool : Bullfinch,', 'Liverpool Bullfinch']","['eng', 'eng']","['Munro, Innes, -1827', 'Soldiers']","['On cover: Lieutenant Innes Munro, 71st Regiment.', 'Maps on lining papers']",1987.0,1992.0,2,"['https://encrypted-tbn0.gstatic.com/images?q=tbn:ANd9GcQwguN9eCngz_6uOWPcgLzx0Pdz6-AfR9g9B1d7MFSjoa2YA7Yz1Eyld_wW8A&s', 'https://encrypted-tbn0.gstatic.com/images?q=tbn:ANd9GcQE7cI_G4yQfLDw3Uw_7meEkGq8fhwq4fwXncPH0iC2I3zaAlHJ8alHcmA9uR0&s']"
David Calderwood,"['Calderwood, David,1575-1650.']",[[An epistle of a Christian brother exhorting an other to keepe himselfe vndefiled from the present corruptions brought in to the ministration of the Lords Supper.]],[1624.0],"['[Amsterdam : Successors of G. Thorp],']",['eng'],['Posture in worship'],['ESTC'],1624.0,1624.0,1,['https://encrypted-tbn0.gstatic.com/images?q=tbn:ANd9GcSla_6qFpv28K-Izftlq49y0p4hs9M8DGFIpBlfTonDYsG2rNPC9ueyL0nL6Q&s']
Taro Miura,"['Miura, Taro,1968-']",[[Tools /]],[2005.0],"['San Francisco, Calif. : Chronicle Books,']",['eng'],['Tools.'],"['Originally published: Mantova : Maurizio Corraini, 2005.']",2005.0,2005.0,1,['https://encrypted-tbn0.gstatic.com/images?q=tbn:ANd9GcRp_VSmopm7nNoBOpEFunCoqnbPN8_kYmQ8MFP_dsnLC2ALqsD4vCV32ipMDsk&s']
Gilbert Watson,"['Watson, Gilbert,1864-1941.']",[[Sunshine and sentiment in Portugal /]],[1904.0],"['London : E. Arnold,']",['eng'],[nan],[nan],1904.0,1904.0,1,['https://encrypted-tbn0.gstatic.com/images?q=tbn:ANd9GcTAX_xjTHeX5oYkqKbK9vti5xqNGTvgikEzNGnt24Zuc03Jc8Pd9KqrViQPkw&s']
Dieter Sudhoff,"['Sudhoff, Dieter,1955-']","[[Der Bankbeamte : und andere vergessene Prosa : Erzählungen, Essays, Aufzeichnungen, Briefe /]]",[1989.0],"['Paderborn : Igel,']",['ger'],[nan],[nan],1989.0,1989.0,1,['https://encrypted-tbn0.gstatic.com/images?q=tbn:ANd9GcTtN5GqNRcdUlK584IF4BrKceOyShq8pRJhvw2Fzo1IjwFs3Xe-zkziHUkGHDA&s']
Sean McMahon,"['McMahon,  Seàn.', 'McMahon, Seán.', 'McMahon, Seán,1931-']","[[The story of the Claddagh ring /, The homes of Donegal /, Wolfe Tone /]]","[1997.0, 1995.0, 2001.0]","['Dublin : Mercier,', 'Dublin : Mercier Press,', 'Cork : Mercier Press,']","['eng', 'eng', 'eng']","['Claddagh rings', 'English literature', 'Revolutionaries']","['Includes bibliographical references (p. [76]-77).', 'Includes index.', 'Includes bibliographic references.']",1995.0,2001.0,3,"['https://encrypted-tbn0.gstatic.com/images?q=tbn:ANd9GcQAGHcA98oPga8zmGvQGALVXLN9KP7QCqnxUS15jcoVFbBv1mWb-dVZWRoWRm4&s', 'https://encrypted-tbn0.gstatic.com/images?q=tbn:ANd9GcTbw7BQFsLHOjxpkHfH3fVLmhBn3S7ulf_x1Ojffa5bOPdaBSUixYEtLKA7J2M&s', 'https://encrypted-tbn0.gstatic.com/images?q=tbn:ANd9GcRKKWLf0uOSUZqUTULs84LEaMmY4Pwd1JIacrXLuEFKnKXaxVzmi0mgyxxF3A&s']"
Richard Jefferies,"['Jefferies, Richard,1848-1887.', 'Jefferies, Richard,1848-1887.']","[[The life of the fields /, Wild life in a Southern county ... /]]","[1947.0, 1939.0]","['London, ', 'London, ']","['eng', 'eng']","[nan, nan]","[nan, nan]",1939.0,1947.0,2,"['https://encrypted-tbn0.gstatic.com/images?q=tbn:ANd9GcSwAaMii1jBlpGoY6WGt7swCgrRNV26XEcKbEhDNIGC7yVNsvxylsjHiSXanqg&s', 'https://encrypted-tbn0.gstatic.com/images?q=tbn:ANd9GcRFR0AaNHij_XRg03oyzgClEXf0iMcX3hNqD8Jm2fYaHLip_hEihpFyUyTBtAs&s']"
John Cockburn,"['Cockburn, John,1652-1729.']","[""The dignity and duty of a married state: in a sermon, preach'd at the celebration of a marriage, in the English Episcopal church at Amsterdam. By John Cockburn, D.D.""]",[1708.0],"['London : printed for Henry Clements,']",['eng'],[nan],['ESTC'],1708.0,1708.0,1,['https://encrypted-tbn0.gstatic.com/images?q=tbn:ANd9GcSVWIjM6P3lKbJIvpufWcFNqzLiB3bs-ZqfWffHtElO68yZBDSTXi3gOtPnQg&s']
Karen A. Mingst,"['Mingst, Karen A.,1947-']",[[The United States and multilateral institutions : patterns of changing instrumentality and influence /]],[1992.0],"['London : Routledge,']",['eng'],[nan],['Includes bibliographical references and index'],1992.0,1992.0,1,['https://encrypted-tbn0.gstatic.com/images?q=tbn:ANd9GcRQecpe_BTAsD33nJVl22roG24TSDjWjpzVdGM2Nj16WFJhWV6gohkykhQ5LuQ&s']
Bram F. Noble,"['Noble, Bram F.,1975-']",[[Introduction to environmental impact assessment : a guide to principles and practice /]],[2010.0],"['Don Mills, Ont. ; Oxford : Oxford University Press,']",['eng'],['Environmental impact analysis'],['Includes bibliographical references and index.'],2010.0,2010.0,1,['https://encrypted-tbn0.gstatic.com/images?q=tbn:ANd9GcTqaRvmI7CBoNftHLjvOfuTkxXiStCMojAzYc9gRCY0WdXTrKn_-s1jEGvL8OM&s']
Frodsham Hodson,"['Hodson, Frodsham,1770-1822.']","[""A sermon, preached at St. George's Church, Liverpool, on Wednesday the 8th of March, being the day appointed for a general fast. By the Rev. Frodsham Hodson, ...""]",[1797.0],"['Liverpool : printed by J. McCreery, and sold by Crane and Jones; Fletcher and Hanwell, Oxford; and F. and C. Rivington, London,']",['eng'],[nan],['ESTC'],1797.0,1797.0,1,['https://encrypted-tbn0.gstatic.com/images?q=tbn:ANd9GcSRw78TlObOZo4qd6tIdP8a_4BqOxm6UhkzO77Uhc4ihPfzmtiOfR5TLivVqA&s']
Jon McGregor,"['McGregor, Jon,1976-']",[[If nobody speaks of remarkable things /]],[2002.0],"['London : Bloomsbury,']",['eng'],['City and town life'],['Originally published: 2002.'],2002.0,2002.0,1,['https://encrypted-tbn0.gstatic.com/images?q=tbn:ANd9GcRUHU9ZDtIY7Aa6JclsTOfn-BLdydW1daF0bw6RkgsCqBv46GL6qpcjXg6TgA&s']
Robert Barr,"['Barr, Robert,1849-1912.', 'Barr, Robert,1849-1912.', 'Barr, Robert,1849-1912.']","[[The measure of the rule., Cardillac, etc., Tales of two continents.]]","[1909.0, 1909.0, 1920.0]","['London, ', 'London, ', 'London, ']","['eng', 'eng', 'eng']","[nan, nan, nan]","[nan, nan, nan]",1909.0,1920.0,3,"['https://encrypted-tbn0.gstatic.com/images?q=tbn:ANd9GcS0g1KUbMAsJyfiQgNBLJEjwkai-J_jwrnd9tz1qUldm2XndJ_2yVV3UxwRMg&s', 'https://encrypted-tbn0.gstatic.com/images?q=tbn:ANd9GcS7PZfzoo9xacBJkqaI0GVROeeU_6SDccVozau9CnPLmpijwuEbvbhowNPEW94&s', 'https://encrypted-tbn0.gstatic.com/images?q=tbn:ANd9GcS5Oqij1o-0CGSskq6TvNiYl-trySxB3KEpNyLFjvoWyhzG7hDf7TYh5tk-9g&s']"
Andrew Hamilton,"['Hamilton, Andrew,1916-']","[""You're right off course doctor /""]",[1991.0],"['Long Preston : Magna Print,']",['eng'],[nan],"['First published: Tring : Lion, 1985.']",1991.0,1991.0,1,['https://encrypted-tbn0.gstatic.com/images?q=tbn:ANd9GcS5mnFaydu5BRaTA_jV1QdiwAY1Ay6J-niao13IPq1kZnaeowOJAOA6KDfKdA&s']
T. Ivan Berend,"['Berend, T. Iván(Tibor Iván),1930-']",[[Europe in crisis : bolt from the blue? /]],[2013.0],"['New York ; London : Routledge,']",['eng'],['Recessions'],['Includes bibliographical references and index.'],2013.0,2013.0,1,['https://encrypted-tbn0.gstatic.com/images?q=tbn:ANd9GcTNiLAO4FeHdA38ttXCPFUKPJVp7XGdKtPih_WKigJJUPDg2Hm4Gd3jI4MQTw&s']
Franz Werfel,"['Werfel, Franz,1890-1945.']",[[The hidden child /]],[1931.0],"['London,']",['eng'],[nan],[nan],1931.0,1931.0,1,['https://encrypted-tbn0.gstatic.com/images?q=tbn:ANd9GcSLDXjn9kHrhSklP2_M4ahPzqj12DB5GZaK_2vifD4e0Kcd6fV87oxeTwELNQ&s']
Robert C. Jenkins,"['Jenkins, Robert C.(Robert Charles),1815-1896.']","[[The last crusader: or The life and times of Cardinal Julian, of the House of Cesarini. A historical sketch.]]",[1861.0],"['London, ']",['eng'],[nan],[nan],1861.0,1861.0,1,['https://encrypted-tbn0.gstatic.com/images?q=tbn:ANd9GcTTV4LqJZCaEvG0EXPVFkxsc5skCgnAhSUWipL0sfIQFYXpFrclJ1JTTcGoMg&s']
Thomas Edwards,"['Edwards, Thomas,1729-1785.']","[[A sermon, preached in the Parish church of St. Michael, in Coventry, on February 6, 1756. ... By Thomas Edwards, ...]]",[1756.0],"['Coventry : printed by T. Luckman, and sold by B. Dod, London,']",['eng'],[nan],['ESTC'],1756.0,1756.0,1,['https://encrypted-tbn0.gstatic.com/images?q=tbn:ANd9GcRCbxP6L2UPX34HqP2J3XQ5FNrBi-aW61pfS_KkhN5vpjVATgCkPoZjDopsIPk&s']
Jean Mestrezat,"['Mestrezat, Jean,1592-1657.']","[""Nouveau Traité de la Devotion ... Avec des Prieres et Meditations tissües des passages de l'Ecriture pour les saints martirs /""]",[1687.0],"['Amsterdam : Chez P. Mortier,']",['fre'],[nan],['Each part has a separate titlepage.'],1687.0,1687.0,1,['https://encrypted-tbn0.gstatic.com/images?q=tbn:ANd9GcQK1NNMJXis7iSFBNwNjz2OzQQBuK7e4IQiINp0ICWAc5aWbIqjaDSjjZYlcwM&s']
Levi Frisbie,"['Frisbie, Levi,1748-1806.']","[""An eulogy on the illustrious character of the late General George Washington, commander in chief of all the armies of the United States of America: who died on Saturday, the 14th of December, 1799. Delivered at Ipswich, on the 7th day of January, 1800. By Levi Frisbie, A.M. Minister of the Gospel in the First Parish of said town. Published by desire of the hearers. [Two lines of quotations] To which is added General Washington's parental and affectionate address to his country, declining their future suffrages for the presidency.""]",[1800.0],"['Printed at Newburyport [Mass.] : by Edmund M. Blunt,']",['eng'],[nan],['Microfilm.'],1800.0,1800.0,1,['https://encrypted-tbn0.gstatic.com/images?q=tbn:ANd9GcR_OubSN1G_itNXOqS7tR6uM0u3J83ZiJnfHLZ8Xxd5S7QS7VpydTmn45T_6g&s']
Vernon Lee,"['Lee, Vernon,1856-1935.']",[[Limbo and other essays. To which is now added Ariadne in Mantua /]],[1908.0],"['London & New York,']",['eng'],[nan],[nan],1908.0,1908.0,1,['https://encrypted-tbn0.gstatic.com/images?q=tbn:ANd9GcQsTrTifW34_eAAHAVdRpACgAeqLli0y9VQxu9QIgb30SJzQ_t_cE2tdGy8Ew&s']
Alfred MilnerViscount Milner,"['Milner, Alfred Milner,Viscount,1854-1925.']","[""The crisis in South Africa, some answers from authoritative sources, to Sir A. Milner's reflections upon colonial loyalty. Issued by friends of South Africa in the interests of truth.""]",[1899.0],"['London,']",['eng'],[nan],[nan],1899.0,1899.0,1,['https://encrypted-tbn0.gstatic.com/images?q=tbn:ANd9GcRPGQXMStNx02Gx1N8_N1NvaRzFKRh_zljAo-DeBDuNisDSH04S8iUET93q_n0&s']
Henry James,"['James, Henry,1843-1916.', 'James, Henry,1843-1916.', 'James, Henry,1843-1916.', 'James, Henry,1843-1916.', 'James, Henry,1843-1916.']","[[What Maisie knew., The Madonna of the future, and other tales., The Europeans., The Aspern papers. Louisa Pallant. The modern warning., Within the rim, and other essays, 1914-15.]]","[1898.0, 1880.0, 2010.0, 1888.0, 1918.0]","['London, ', 'London,', 'Penguin,', 'London,', 'London,']","['eng', 'eng', 'eng', 'eng', 'eng']","[nan, nan, nan, nan, nan]","[nan, nan, 'Originally published: 1995.', nan, nan]",1880.0,2010.0,5,"['https://encrypted-tbn0.gstatic.com/images?q=tbn:ANd9GcQNSrXSp58845obR4KEa7CVGr0LgDNmHWCpauqKeKb6TZnchXgJIRuh2N35XGg&s', 'https://encrypted-tbn0.gstatic.com/images?q=tbn:ANd9GcQ_SLHkcDFcevQzNE6p0kf-6TYo6QyowX9eYp8HJ6PLAItOOU-MCH4254f-Mw&s', 'https://encrypted-tbn0.gstatic.com/images?q=tbn:ANd9GcQfisDXtC6kDtu70DV3zO9Kn4ufH_9nscg31cfeZ4p8P2OSLDtFXfseFEKirA&s', 'https://encrypted-tbn0.gstatic.com/images?q=tbn:ANd9GcTpVrgfwhJLvFpho8ZlYkIdCkLQewohp-PoFTxliB7j7aWkVRjk0S-9wLWrKA&s', 'https://encrypted-tbn0.gstatic.com/images?q=tbn:ANd9GcQm3FeFj8DoXTU4Wf4tJ9UpJe0U03jpuqXcmQjEKKoYnAjV5bK2_xzuJJbs9go&s']"
Robert K. Martin,"['Martin, Robert K.,1941-']",[[The homosexual tradition in American poetry /]],[1998.0],"['Iowa City : University of Iowa Press,']",['eng'],['Gay men in literature.'],['Includes bibliographical references (p. [241]-249) and index.'],1998.0,1998.0,1,['https://encrypted-tbn0.gstatic.com/images?q=tbn:ANd9GcRuLQTYfqCe-vSvXtNOMdMkryzmTG5krXzFDhzVxSMvgdf-X0mkXTOpmkEH7uw&s']
Alfred Kubin,"['Kubin, Alfred,1877-1959.', 'Kubin, Alfred,1877-1959.']","[[Alfred Kubin der Zeichner, 1887-1959 /, The council of love : a heavenly tragedy in five acts /]]","[1988.0, 1992.0]","['Wien  : C. Brandstätter,', 'London : Atlas,']","['ger', 'eng']","['Kubin, Alfred, 1877-1959.', nan]","['Bibliography: p. 46-47.', 'Limited edition of 300 copies.']",1988.0,1992.0,2,"['https://encrypted-tbn0.gstatic.com/images?q=tbn:ANd9GcQmU_Q60J9BPqvYGu_n3saKbh0PX1k_HKu-eqApCY9GwXtbLSHqgHHh1lmOvg&s', '//www.gstatic.com/search_trustx/visibility_off_icon_p600-fc0fcd3cc6b30b7d85289bc9f0a7298a.png']"
Beilby Porteus,"['Porteus, Beilby,1731-1809.', 'Porteus, Beilby,1731-1809.']","[[""A sermon preached before the Lords spiritual and temporal, in the Abbey-church, Westminster; on Wednesday, February 10, 1779: being the day appointed, by His Majestys proclamation, for a general fast."", Sermons on several subjects By the Right Reverend Beilby Porteus, Volume the second.]]","[1779.0, 1795.0]","['London printed for T. Payne and Son, ... sold also by J.F. and C. Rivington, ... J. Dodsley, ... B. White, ... T. Cadell, ... and J. Robson, ...', 'London : printed for T. Cadell; and T. Payne. Sold also by T. Cadell Junior, and W. Danes (Successors to Mr. Cadell),']","['eng', 'eng']","['Fast-day sermons.', nan]","['ESTC', 'ESTC']",1779.0,1795.0,2,"['https://encrypted-tbn0.gstatic.com/images?q=tbn:ANd9GcREMzzbQ0Xh4MaxFoE9GCGfpLUsZEH_himecVJpaP0NMnM-fkgOqolxidRjQw&s', 'https://encrypted-tbn0.gstatic.com/images?q=tbn:ANd9GcQuuNSL7lcf9hvBfkZIfSAfZgbyQhEYo3WEeaZTl8TT8iuFwyFFoinVUx951iQ&s']"
Adeline Sergeant,"['Sergeant, Adeline,1851-1904.', 'Sergeant, Adeline,1851-1904.', 'Sergeant, Adeline,1851-1904.', 'Sergeant, Adeline,1851-1904.', 'Sergeant, Adeline,1851-1904.', 'Sergeant, Adeline,1851-1904.']","[[Beneath the veil., The mission of Margaret - a story of Christmas by land and sea. [In shorthand.], ""My Nellys story, and, Hallidays lads. [Tales.]"", The future of Phyllis., The quest of Geoffrey Darrell., Reparation: a novel.]]","[1903.0, 1897.0, 1882.0, 1903.0, 1907.0, 1905.0]","['London, ', 'Elgin :  The Phono. Co., ', 'London, ', 'London, ', 'London, ', 'London, ']","['eng', 'eng', 'eng', 'eng', 'eng', 'eng']","[nan, nan, nan, nan, nan, nan]","[nan, nan, nan, nan, nan, nan]",1882.0,1907.0,6,"['https://encrypted-tbn0.gstatic.com/images?q=tbn:ANd9GcRvJU6A_yPUy9hId5mnxh8GP-__PLuciXls7-hm5Ygumz71t8ligIvM1dimGA&s', 'https://encrypted-tbn0.gstatic.com/images?q=tbn:ANd9GcQO2euaaLn33dTfSnhphRnrWO3Em92rH6s8UscBsjLhqgFipaAKXpokm0g8IwM&s', 'https://encrypted-tbn0.gstatic.com/images?q=tbn:ANd9GcT-CBPBbAflSRmBuA7E4GtQgc9Ze9tL7393aJU2r9UXuK34CESfm-Ihdn9zDCA&s', 'https://encrypted-tbn0.gstatic.com/images?q=tbn:ANd9GcRt1uxQKz-5Umpx_76vnWGV05XeI_Ve0fY2gnNSAJz0zgym6gJHTHaRES9gRg&s', 'https://encrypted-tbn0.gstatic.com/images?q=tbn:ANd9GcRh59VyKUrybof3kzPfaHUInVXSuR0OqKijDYBC-RwQYvloJqTohlQWtBmLKGc&s', 'https://encrypted-tbn0.gstatic.com/images?q=tbn:ANd9GcQ-AreahhGSB9YKw5jIyq7LNoJo8P66zouPeGz68r1E7ay93ZyP3a1SGu6rPg&s']"
Carsten Helm,"['Helm, Carsten,1966-']",[[Economic theories of international environmental cooperation /]],[2000.0],"['Cheltenham : Edward Elgar Pub,']",['eng'],['Environmental economics.'],['Includes bibliographical references and index.'],2000.0,2000.0,1,['https://encrypted-tbn0.gstatic.com/images?q=tbn:ANd9GcRKQSd72VGEKRQu9VWhrfhKCY4XDEBAtyRYK3j9Zq6OcObLl95n3vKeLn2Ccg&s']
Nicolas Le Tourneux,"['Le Tourneux, Nicolas,1640-1686.']","[""L'année chrétienne, ou les messes des dimanches, féries et fêtes de toute l'année. En latin & en françois; avec l'explication des Epitres & des Evangiles, ... tome V. ...""]",[1689.0],"['A Bruxelles, chez Lambert Marchant, ...']",['lat'],[nan],['Anonymous author: Nicolas Le Tourneux'],1689.0,1689.0,1,['https://encrypted-tbn0.gstatic.com/images?q=tbn:ANd9GcRlVQ98zsBRa4p8kypUjHmdv8UHYLqWMCXpeazt1B2c1j_2ClQwydny5277MA&s']
Philip Roberts,"['Roberts, Philip,1942-']",[[Bond on file]],[1985.0],['London Methuen'],['eng'],"['Bond, Edward']",['Bibliography: p75-80'],1985.0,1985.0,1,['https://encrypted-tbn0.gstatic.com/images?q=tbn:ANd9GcQb_sYo19jSPyw58x4AEIzi1wlDO769A3HD37ITe9i2GAW8xI134wF_BaLZew&s']
R. I. Page,"['Page, R. I.(Raymond Ian),1924-']",[[Life in Anglo-Saxon England]],[1970.0],['London Batsford'],['eng'],[nan],['bibl'],1970.0,1970.0,1,['https://encrypted-tbn0.gstatic.com/images?q=tbn:ANd9GcRfPTOoHjLFRynD3t_QgsjrD7nBL-CVEF8WKtIDyg8qsBWeOkslZ3NzoYD68Q&s']
R. W. Southern,"['Southern, R. W.(Richard William),1912-']",[[The monks of Canterbury and the murder of Archbishop Becket]],[1985.0],['Canterbury Friends of Canterbury Cathedral'],['eng'],['Church of England. Province of Canterbury'],[nan],1985.0,1985.0,1,['https://encrypted-tbn0.gstatic.com/images?q=tbn:ANd9GcTvtGzLxOlHEG99qj-_43c-hF6GdqSN-BEM6bLlUipBjLFggLZiylLeuLM_Ig&s']
S. W. Andrews,"['Andrews, S. W.(Sidney Whiston),1912-']","[""'Good Housekeeping' home made wine & beer""]",[1974.0],['London Ebury Press'],['eng'],['Wine and wine making'],['Includes index'],1974.0,1974.0,1,['https://encrypted-tbn0.gstatic.com/images?q=tbn:ANd9GcT1hbeDboradvJ6B7A0tNAx7P3UkJVcsm1ftK8LWIb-Lg_JeOd1li8uVu_KG_k&s']
Barry Lee,"['Lee, Barry,1945-']",[[Basic systems analysis /]],[1990.0],"['Leckhampton, Cheltenham : S. Thornes,']",['eng'],[nan],[nan],1990.0,1990.0,1,['https://encrypted-tbn0.gstatic.com/images?q=tbn:ANd9GcQISnkE0p_kY4vz9c9E12zU9J8R4yUsMaimUExkykgYbESlp2cGlqyd5Gzigw&s']
James Hughes,"['Hughes, James,1937-']",[[Astrology and science /]],[1970.0],['London P. Davies'],['eng'],['Astrology.'],['bibl p243-246'],1970.0,1970.0,1,['https://encrypted-tbn0.gstatic.com/images?q=tbn:ANd9GcRpA2-7YnHewm8_CP0Yz7gGy_OdcWglOGYawlwIwmjzyPwpuPwC_CcquOqf6w&s']
Kathleen Hayes,"['Hayes, Kathleen,1955-']",[[The journalism of Milena Jesenská : a critical voice in interwar Central Europe /]],[2003.0],"['New York ; Oxford : Berghahn Books,']",['eng'],['Journalism'],"['Articles from Tribuna, 1920-1922 -- Articles from Národny listy and Lidové noviny, 1922-1929 -- Articles from Přítomnost, 1938-1939.']",2003.0,2003.0,1,['https://encrypted-tbn0.gstatic.com/images?q=tbn:ANd9GcTdNRb58ufviLjJwpdmEFqbZKue9rjwGCEKysvCYt91jSJ_mRatGaNBSMVoSQ&s']
Selina Hastings,"['Hastings, Selina,1945-']",[[The surviving works of Anne Wharton /]],[1997.0],"['Stump Cross : Stump Cross Books,']",['eng'],[nan],['Bibliography: p365-372 - Includes index'],1997.0,1997.0,1,['https://encrypted-tbn0.gstatic.com/images?q=tbn:ANd9GcR9zjOE_bnNFnauUdpZ2eRpSfCNJsCK7kOXeFtW82r0FH0CqlHLirlO1W5OSQ&s']
Anatolii Mariengof,"['Mariengof, Anatoliĭ,1897-1962.']",[[Malenkie komedii.]],[1957.0],"['Leningrad, ']",['rus'],[nan],['Microfiche edition.'],1957.0,1957.0,1,['https://encrypted-tbn0.gstatic.com/images?q=tbn:ANd9GcQpGhl_GHFULHhNdcG3qG40aqr3PMg5pg5Dh6D9ttUuEssBmWOHXX9xmWyIXA&s']
Clara Reeve,"['Reeve, Clara,1729-1807.']","[[The school for widows. A novel. In two volumes. By Clara Reeve, ...]]",[1791.0],"['Dublin : printed by William Porter, for P. Wogan, P. Byrne, H. Colbert, J. Moore, J. Halpen [and 5 others in Dublin],']",['eng'],[nan],['ESTC'],1791.0,1791.0,1,['https://encrypted-tbn0.gstatic.com/images?q=tbn:ANd9GcTmthvdVsGw1BFRgqcGJ81SjDjRr-p3RvSyvuw4RfH-SwbS4Wy-ZXYaeqjiyi4&s']
George Cockburn Haldane,"['Haldane, George Cockburn,1729-1799.']","[""From the Court of Session in Scotland. George Haldane, Esq; of Gleneagles, - appellant. The Honourable John Elphinston of Cumbernauld, assignee of the now deceased George Keith, late Earl Marischal, - - - respondent. The appellant's case.""]",[1780.0],"['[London,']",['eng'],[nan],['ESTC'],1780.0,1780.0,1,['https://www.uoduckstore.com/TDS%20Product%20Images/QuickStudy%20Book%20for%20Calculus_1.jpg?resizeid=3&resizeh=195&resizew=195']
Peter Geoffrey Paul Thompson,"['Thompson, Peter Geoffrey Paul,1947-']",[[Winter in openheart /]],[1995.0],"['[Romford?] : Sharkti Laureate,']",['eng'],[nan],[nan],1995.0,1995.0,1,['https://encrypted-tbn0.gstatic.com/images?q=tbn:ANd9GcS8GyqdcIKXIBsRc_7VZg-pbsYT6Evm56sceY-pJqtg04glZvEwafHBfGVEzHM&s']
Muriel V. Searle,"['Searle, Muriel V.(Muriel Vivienne),1932-']",[[Bromley Football Club 1892-1992 a centenary history]],[1992.0],['Bromley Bromley Football Club'],['eng'],['Soccer'],[nan],1992.0,1992.0,1,['https://encrypted-tbn0.gstatic.com/images?q=tbn:ANd9GcSUQtlFZ7hxHoYpfyWN1q8FiPr1ViZBwfbUvBVQSD9BNawJBgjO-la9beC13A&s']
Walter Harding,"['Harding, Walter,1917-']",[[The days of Henry Thoreau a biography]],[1982.0],['New York Dover London Constable'],['eng'],"['Authors, American']",['Includes index'],1982.0,1982.0,1,['https://encrypted-tbn0.gstatic.com/images?q=tbn:ANd9GcT00Rjrt0fWgsb2uDG0bvrzY7X9lAdI_sCpc3vCa8_qZD0vlftmlZTfQnQWTQ&s']
Alexander Stuart,"['Stuart, Alexander,1673-1742.']","[[New discoveries and improvements in the most considerable branches of anatomy and surgery Wherein four of the most dangerous operations are prevented, ... The whole proposed by way of instruction; and illustrated with cases and cures, by Mr. Stuart, ...]]",[1738.0],"['London : printed for the author,']",['eng'],[nan],['ESTC'],1738.0,1738.0,1,['https://encrypted-tbn0.gstatic.com/images?q=tbn:ANd9GcRItr3AUuj9foJVbOmAgSgz7JJsi_u1ACpPAI1NCjeErzAGJWKC3ypXMTPcyl8&s']
Marcia Davenport,"['Davenport, Marcia,1903-1996.', 'Davenport, Marcia,1903-1996.']","[[East side, West side, The valley of decision]]","[1976.0, 1977.0]","['Bath Chivers', '[London] Fontana']","['eng', 'eng']","['English fiction.', 'English fiction.']","['Originally published: London : Collins, 1948', 'Originally published: New York : Scribner, 1942 ; London : Collins, 1944']",1976.0,1977.0,2,"['https://encrypted-tbn0.gstatic.com/images?q=tbn:ANd9GcQYrCmOmV2sUTYYyXJoyQJ5EcFgFjf7DEzyMekMTIS6eST580Jxoa_prvpmp7o&s', 'https://encrypted-tbn0.gstatic.com/images?q=tbn:ANd9GcSIlq8nKEBnlwSqVrqlawosRyqQCMYg4M9eUjCmb4vWZacRZSTLvnooGohTUg&s']"
Ian Graham,"['Graham, Ian,1953-', 'Graham, Ian,1953-', 'Graham, Ian,1953-']","[[Racing cars /, Music & sound /, Geothermal and bio-energy /]]","[1994.0, 2000.0, 2001.0]","['London : Watts Books,', 'Tonbridge : Ticktock,', 'London : Hodder Wayland,']","['eng', 'eng', 'eng']","[nan, 'Sound', 'Renewable energy sources']","[nan, 'Music and sound.', nan]",1994.0,2001.0,3,"['https://encrypted-tbn0.gstatic.com/images?q=tbn:ANd9GcTzuBYjG4MZz4N889hbAf2kEmYKFYhCKuL5i9G2vTVBiWpqM648jhDxSPdCsQ&s', 'https://encrypted-tbn0.gstatic.com/images?q=tbn:ANd9GcQbHLBF9ybMzH43kb-hNeT0DqEDRKa8dq1XEmctaTh0FjNvr6WBHn4LkbvFuts&s', 'https://encrypted-tbn0.gstatic.com/images?q=tbn:ANd9GcTnl16S6NecvCvvjA2OkZv-xFz7c3s9pebOrk425eLXlisnaot5Zl2exrXeRwE&s']"
Doug J. Swanson,"['Swanson, Doug J.,1953-']",[[Big town /]],[1994.0],"['London : Warner,']",['eng'],[nan],[nan],1994.0,1994.0,1,['https://encrypted-tbn0.gstatic.com/images?q=tbn:ANd9GcR78OD6rOj2F53PpxLmpK4EdCmH8GK9uIlUAOmeNpyr1J997MT20MQqxxWVfqE&s']
Enzo Pesciarelli,"['Pesciarelli, Enzo,1948-']",[[Lezioni di Glasgow /]],[1989.0],"['Milano : Giuffrè,']",['ita'],['Jurisprudence.'],['Translation of: Lectures on jurisprudence.'],1989.0,1989.0,1,['https://encrypted-tbn0.gstatic.com/images?q=tbn:ANd9GcSkB7W0AqijvUVkXf-QdJCgFAvWBrp202bfRCEsSBsHp2UjLuFHCK8gXnZdGg&s']
AMJ Chastenet de Puysegur,"['Chastenet de Puységur, A.-M.-J.(Armand-Marie-Jacques),1751-1825.']","[""Mémoires pour servir à l'histoiré et à l'établissement du magnétisme animal.""]",[1786.0],"['Londres [i.e. Paris?],']",['fre'],[nan],['ESTC'],1786.0,1786.0,1,['https://encrypted-tbn0.gstatic.com/images?q=tbn:ANd9GcTrXJxN_ckouB-kdd0k65sSi7nMGqnMPtEnH73wC9zfHIcwScLymYcijaHkQHw&s']
Author of Handley Cross,['Author of Handley Cross.'],"[""Mr. Sponge's sporting tour / ""]",[1892.0],"['London, ']",['eng'],[nan],[nan],1892.0,1892.0,1,['https://encrypted-tbn0.gstatic.com/images?q=tbn:ANd9GcTOcrhmimKomUzBKIweqy2xqMMzrQbiTPbMm1rMwTVSfoAWIbzjuSs-E_70laU&s']
Mary Cosh,"['Cosh, Mary,1924-']",[[Angus McBean in Islington]],[1982.0],['London Isledon Publications Trust'],['eng'],['London (England) in art.'],[nan],1982.0,1982.0,1,['https://encrypted-tbn0.gstatic.com/images?q=tbn:ANd9GcTsVD3Cjx25zFa53zDJd_SalxQnUKLzK8Q_n6otksKvKGya8CdVAmgccxHtmcw&s']
P. L. Wickins,"['Wickins, P. L.,1925-']","[""The Industrial and Commercial Workers' Union of Africa""]",[1978.0],['Cape Town Oxford Oxford University Press'],['eng'],"[""Industrial and Commercial Workers' Union of Africa.""]",['Bibliography: p.211-215. - Includes index'],1978.0,1978.0,1,['https://encrypted-tbn0.gstatic.com/images?q=tbn:ANd9GcQirS9eovsS5ADJCIjAT5nCknQqLwOyURLHNPO0dGnbGzqfzSw_FVnVnlw2&s']
Robert M. Stein,"['Stein, Robert M.,1943-']","[[Reality fictions : romance, history, and governmental authority, 1025-1180 /]]",[2006.0],"['Notre Dame, Ind. : University of Notre Dame Press,']",['eng'],['Historiography'],['Includes bibliographical references (p. 263-283) and index.'],2006.0,2006.0,1,['https://encrypted-tbn0.gstatic.com/images?q=tbn:ANd9GcSvfBU52ClXd0uMRm3a1lJe0K2dokmv_qP72w5c2CGOe9j-On0fVrIO0GTQ8Q&s']
John Foxe,"['Foxe, John,1516-1587.', 'Foxe, John,1516-1587.']","[[""Foxs original and complete book of martyrs; or, an universal history of martyrdom. ... The whole originally composed by the Rev. John Fox, ... A new edition. Now carefully revised, corrected, and improved, by a minister of the gospel. ... Embellished with near 300 elegant engravings."", The history of the ten persecutions in the primitive church. To which is added, An account of the martyrdom of John Huss and Jerome of Prague; ...]]","[1795.0, 1761.0]","['London : printed for Alex. Hogg; and sold by the booksellers of Bath, Bristol, Birmingham, Canterbury, Cambridge, Coventry, Chester, Derby, Exeter, Gloucester, Hereford, Hull, Ipswich, Leeds, Liverpool, Leicester, Manchester, Newcastle, Norwich, Nottingham, Northampton, Oxford, Reading, Salisbury, Sherborn, Sheffield, Shrewsbury, Worcester, Winchester, York; and by all other booksellers and newsmen,', 'Edinburgh printed by John Gray and Gavin Alston, ... for Andrew Leslie. Sold by him, ...']","['eng', 'eng']","[nan, 'Persecution']","['ESTC', 'ESTC']",1761.0,1795.0,2,"['https://encrypted-tbn0.gstatic.com/images?q=tbn:ANd9GcQCbgIEb-sPC_T9_Y6BPzpNhpeIdO8Bt7aIgwdWhovYvx2wT0vhmNMF_RZITkg&s', 'https://encrypted-tbn0.gstatic.com/images?q=tbn:ANd9GcT6bOFV_4StqJetdsENbajkxfQcgSSpCBBK0MnmB9jcbjZrzaG8GGN-YAkGXA&s']"
David Needham,"['Needham, David,1954-']",[[Marketing for higher awards /]],[1999.0],"['Oxford : Heinemann Educational,']",['eng'],['Marketing.'],['Includes bibliographical references.'],1999.0,1999.0,1,['https://encrypted-tbn0.gstatic.com/images?q=tbn:ANd9GcQIAlVpdDIojA_9x_OgO7HfOlDPAAC-JerTZFjUr4hY7jNHC4rpTp49scGA4Lk&s']
Josephine Bell,"['Bell, Josephine,1897-1987.', 'Bell, Josephine,1897-1987.', 'Bell, Josephine,1897-1987.', 'Bell, Josephine,1897-1987.']","[[No escape, Fall over cliff., The Summer School mystery., Death of a con man]]","[1970.0, 1938.0, 1950.0, 1970.0]","['London Hodder Paperbacks', 'London, ', 'London, ', 'Glenfield F.A. Thorpe']","['eng', 'eng', 'eng', 'eng']","[nan, nan, nan, nan]","['Originally published (B65-8245), London: Hodder & Stoughton, 1965', nan, nan, 'Originally published (B68-05941), London: Hodder & Stoughton, 1968']",1938.0,1970.0,4,"['https://encrypted-tbn0.gstatic.com/images?q=tbn:ANd9GcTjvqyycp0fivzIedY-os1HrDrxSxfXmbMlho9EaP87QMYiUwmWdG0LMFSXLQ&s', 'https://encrypted-tbn0.gstatic.com/images?q=tbn:ANd9GcQA9kD7THuAx0I4XPMr1YYmk0XRq7rV6OZgzK3Oy5Bsi-iHQmmxP7ptH4Yo3Q&s', 'https://encrypted-tbn0.gstatic.com/images?q=tbn:ANd9GcQDiybhOkIn8uDWymgioIqC09CLPMpRivk9oK4hV-CoB2_XRI9M_M7o0EZk5g&s', 'https://encrypted-tbn0.gstatic.com/images?q=tbn:ANd9GcQDPMf18UtsGz_zLOug0KiVk_jctwxfSna1N7diZBYQOR2bbIavHRa0wEETdlQ&s']"
Friedrich Wilhelm Nietzsche,"['Nietzsche, Friedrich Wilhelm,1844-1900.', 'Nietzsche, Friedrich Wilhelm,1844-1900.Nietzsche contra Wagner.English.']","[[Thus spake Zarathustra ... /, The case against Wagner /]]","[1901.0, 1910.0]","['London,', 'Edinburgh : T.N. Foulis,']","['eng', 'eng']","[nan, 'Wagner, Richard, 1813-1883.']","[nan, 'I. The case of Wagner -- II. Nietzsche contra Wagner.']",1901.0,1910.0,2,"['https://encrypted-tbn0.gstatic.com/images?q=tbn:ANd9GcQHI5GNLL6Zvi2KmY0f3TBElF-z3vEZtHBWNOMGR-Fed7rcDPKeGdio6VgWCw&s', 'https://encrypted-tbn0.gstatic.com/images?q=tbn:ANd9GcR7VPGMGUOam2nbIXBVKcJJFZkJkt8pqzPcWO-HmzdozXUC0R7QyZYdhNKHnw&s']"
James Lucas,"['Lucas, James,1923-']",[[Command from Alexander the Great to Zhukov - the greatest commanders of world history]],[1988.0],['London Bloomsbury Publishing'],['eng'],[nan],[nan],1988.0,1988.0,1,['https://encrypted-tbn0.gstatic.com/images?q=tbn:ANd9GcTgNUFL_bYfJJDA3gwE8Lef0I41LyjZgo5HHnVpnmHCkgNMQsXymW1JQX-fJl4&s']
LouisMarie Clenet,"['Clénet, Louis-Marie,1948-']",[[Les colonnes infernales /]],[1993.0],"['Paris : Perrin,']",['fre'],"['Vendean War, 1793-1800']",['Includes bibliographical references (p. [325]-327)'],1993.0,1993.0,1,['https://encrypted-tbn0.gstatic.com/images?q=tbn:ANd9GcQhMK6KVkTmr5aQ-hwhO4nuen7oqfgJOmexiB-ZFdiks7PN5Zp7nL8doTJ8CdU&s']
Thomas Young,"['Young, Thomas,1934-']",[[Linear integrated circuits]],[1981.0],['New York Chichester Wiley'],['eng'],['Linear integrated circuits.'],['Includes index'],1981.0,1981.0,1,['https://encrypted-tbn0.gstatic.com/images?q=tbn:ANd9GcQLC8zTbs880_DnwytkbwZ5VTBn_K1XqtS5LGFAfuo9nVZOI7HXqV-KxL0giA&s']
F. S. AshleyCooper,"['Ashley-Cooper, F. S.(Frederick Samuel),1877-1932.']","[""Lord's & the M.C.C. A cricket chronicle of 137 years, based on official documents and published ... to commemorate the centenary [of Lord's], etc. [With plates.]""]",[1914.0],"['London,']",['eng'],[nan],"['Joint authors: George Robert Canning Harris, Baron Harris and Frederick Samuel Ashley Cooper.']",1914.0,1914.0,1,['https://encrypted-tbn0.gstatic.com/images?q=tbn:ANd9GcT4bqDuh2KLH5pB4ajQJ0fwHj905Rt61lFxRMLXG4zJy1N6nc03qbvEwjhH0aU&s']
Marwan Kraidy,"['Kraidy, Marwan,1972-']",[[Global media studies : ethnographic perspectives /]],[2003.0],"['New York ; London : Routledge,']",['eng'],['Globalization.'],['Includes bibliographical references and index.'],2003.0,2003.0,1,['https://encrypted-tbn0.gstatic.com/images?q=tbn:ANd9GcR2xgYwVnnLnE9yDqhMz2IyOQjdDMHWtn9pdrQj2xrMplkJt3TFyD67XD7h1Ls&s']
A. Z. Hilali,"['Hilali, A. Z.,1958-']",[[US-Pakistan relationship : Soviet invasion of Afghanistan /]],[2005.0],"['Aldershot : Ashgate,']",['eng'],[nan],['Includes bibliographical references (p. [281]-294) and index.'],2005.0,2005.0,1,['https://encrypted-tbn0.gstatic.com/images?q=tbn:ANd9GcS3nhiKdXs7pxdsYhfHjgIdVEvkTfG8sJ85Nh2PN0UqKHa53t6w-VF0yBhGEg&s']
Ernest H. Hart,"['Hart, Ernest H.(Ernest Huntley),1910-']",[[Encyclopedia of dog breeds histories and official standards]],[1968.0],['Jersey City Reigate T.F.H. Publications'],['eng'],['Dogs.'],['bibl p767'],1968.0,1968.0,1,['https://encrypted-tbn0.gstatic.com/images?q=tbn:ANd9GcQv4OXdMvN-idiqjGRiQqffC4hrOcXrtQM7UcByversANub3PBFE0kAj6aOnQ&s']
Graham Swift,"['Swift, Graham,1949-Last orders.']",[[Waterland ; and Last orders /]],[1999.0],"['London : Picador,']",['eng'],[nan],"['Originally published: Waterland. London : Heinemann, 1983. - Last Orders. 1996.']",1999.0,1999.0,1,['https://encrypted-tbn0.gstatic.com/images?q=tbn:ANd9GcR4FqfTpO_HZeTwptiMpB07Jr4JqtrKjx-Vvs8NKdITRwVnECKzLZsx3LOXK3I&s']
Pieter Molyn,"['Molyn, Pieter,1595-1661.']","[[Pieter Molyn, 1595-1661 : Katalog der Handzeichnungen /]]",[1998.0],"['Doornspijk : Davaco,']",['ger'],['Drawing'],['Includes bibliographical references (p. 33-34) and index.'],1998.0,1998.0,1,['https://encrypted-tbn0.gstatic.com/images?q=tbn:ANd9GcQTffiork_Uwevu-qTF3S3uNQZPmnSiJWOPJIbYyh3SE87qWaG2lOFvpNIgAwY&s']
James Gould Cozzens,"['Cozzens, James Gould,1903-1978.', 'Cozzens, James Gould,1903-1978.', 'Cozzens, James Gould,1903-1978.']","[[Men and brethren., By love possessed., Men and brethren.]]","[1958.0, 1958.0, 1936.0]","['London,', 'London,', 'London,']","['eng', 'eng', 'eng']","[nan, nan, nan]","['A reissue of London 1936 ed.', nan, nan]",1936.0,1958.0,3,"['https://encrypted-tbn0.gstatic.com/images?q=tbn:ANd9GcSBBQaHEGUxjbPipvC_xGzzfatPU98aOQN1lcifeZNKL7-uWUMArRWui60Aqw&s', 'https://encrypted-tbn0.gstatic.com/images?q=tbn:ANd9GcQS_yW4GIhRh0E8QdnoAhXuq5GI4x3PzFzvhHHbCqHEwtgMEzKGwQalmv6ajw&s', 'https://encrypted-tbn0.gstatic.com/images?q=tbn:ANd9GcSBBQaHEGUxjbPipvC_xGzzfatPU98aOQN1lcifeZNKL7-uWUMArRWui60Aqw&s']"
Samuel Bentley,"['Bentley, Samuel,1722-1803.']",[[The river Dove: a lyric pastoral. By Samuel Bentley.]],[1768.0],"['London : printed for the author: and published by Elizabeth Stevens,']",['eng'],[nan],['ESTC'],1768.0,1768.0,1,['https://encrypted-tbn0.gstatic.com/images?q=tbn:ANd9GcTmjn7G8RMLh9s9VWlcOVAU-1UvXNGQZmghLasG6CFLg9rD1AqDlzLc0n0S3Q&s']
Tom Murphy,"['Murphy, Tom,1945-']",[[Harley-Davidson big twin performance handbook /]],[1995.0],"['Osceola, WI, USA : Motorbooks International,']",['eng'],['Harley-Davidson motorcycle'],['Includes index.'],1995.0,1995.0,1,['https://encrypted-tbn0.gstatic.com/images?q=tbn:ANd9GcRnCPnPGNAKhuFYu2rJqnVwafb6rOL1DVMZYLYo99fejUyMm32lSGzTIcXq8eM&s']
Francis Durbridge,"['Durbridge, Francis.', 'Durbridge, Francis.', 'Durbridge, Francis.']","[[Suddenly at home a play, Paul Temple and the Kelby affair, News of Paul Temple. [A novel /]]","[1973.0, 1973.0, 1940.0]","['London French', 'London White Lion Publishers', 'London,']","['eng', 'eng', 'eng']","[nan, nan, nan]","['Four men, 4 women', 'Previous control number ISBN 0-85617-425-4', nan]",1940.0,1973.0,3,"['https://encrypted-tbn0.gstatic.com/images?q=tbn:ANd9GcSTWcJ5DwMpphuSptOsARm7kKmRZ3MweyGmLkoKvk2RogNoQVzm_xQdqLXawA&s', 'https://encrypted-tbn0.gstatic.com/images?q=tbn:ANd9GcTV8ZgeDbEmwTck1bZRCllV8NwzfWlBG_uteOU-BHwuLggYnbhsviAkNwgTYUo&s', 'https://encrypted-tbn0.gstatic.com/images?q=tbn:ANd9GcTHZmP3PYsonzhEEOc3MC2SJwGxZsMdhqORPIV7FpD-FFMGrUgA0zi9p4byNA&s']"
C. W. E. Bigsby,"['Bigsby, C. W. E.(Christopher William Edgar),1941-']",[[The Radical imagination and the liberal tradition]],[1982.0],['London Junction Books'],['eng'],[nan],[nan],1982.0,1982.0,1,['https://encrypted-tbn0.gstatic.com/images?q=tbn:ANd9GcS0Kcvt-eOpNRVcjDVUzpOSaI3oBjesyWVMB2N15Fc5Y1030p6loB276XfC3Q&s']
Ugo Pagano,"['Pagano, Ugo,1951-']",[[Legal orderings and economic institutions /]],[2007.0],"['London : Routledge,']",['eng'],['Law'],"['Law, economics, and institutional complexity : an introduction / F. Cafaggi, A. Nicita and U. Pagano -- Complexity in law and economics -- The future of the law and economics / T. S. Ulen -- Law and economics in historical perspective -- Douglass C. North -- Legal positions and institutional complementarities / U. Pagano -- Legislate today or wait until tomorrow? : an investment approach to lawmaking / F. Parisi and N. Ghei -- Private orderings, efficiency, and the role of the state -- The enforcement of contracts and the role of the state / A. Schwartz -- Minimal liberty and the ""Coasean liberal"" : boundaries and complementarities between the state and the market / A. Nicita and E. Savaglio -- Private orderings and intellectual property : what is it the best incentive system? / N. Gallini and S. Scotchmer -- Fairness and welfare : are they really competing values? / F. Denozza -- Contractual incompleteness and the nature of endogenous enforcement -- Costly contingent contracts : a failure of the Coase theorem / L. Anderlini and L. Felli -- Game-theoretic solutions to endogenous contractual incompleteness / F. Farina -- Customary contracts / H. Peyton Young -- Group relations and industrial districts / A. Battistini -- Governance models and corporate ethics -- What is a corporation? : the corporate personality controversy and the fiduciary principle in corporate governance / K. Iwai -- Fiduciary duties, models of firms, and organizational theories in the context of relational interdependencies / F. Cafaggi -- Incomplete contracts and corporate ethics : a game theoretical model under fuzzy information / L. Sacconi.']",2007.0,2007.0,1,['https://encrypted-tbn0.gstatic.com/images?q=tbn:ANd9GcT9A555gnGNj3_IZ6GT5YNbij4maDwh7p-PMCcqdIoihQaHnpf149AoVdkerw&s']
Gordon Johnston,"['Johnston, Gordon,1952-']",[[Socialist arguments]],[1983.0],['Oxford Martin Robertson'],['eng'],['Socialism'],['Includes bibliographies and index'],1983.0,1983.0,1,['https://encrypted-tbn0.gstatic.com/images?q=tbn:ANd9GcSYhTVn6a8VEbFMX1MKxLDH5zzItLpW0C3Yo7uQb8IenVToKLnag2kk5BQr4t4&s']
John Ryan,"['Ryan, John,1921-', 'Ryan, John,1921-']","[[Pugwash the smuggler a pirate story, Wil y smyglwr /]]","[1976.0, 1995.0]","['London Bodley Head', 'Caerdydd : Gwasg y Dref Wen,']","['eng', 'wel']","[""Children's stories."", nan]","[nan, nan]",1976.0,1995.0,2,"['https://encrypted-tbn0.gstatic.com/images?q=tbn:ANd9GcSdcRZM2-SbLfJbBkIAaS2DRLeE280xSvTUBw-MMrp-8NMS_f4k_eNSq1ByiA&s', 'https://encrypted-tbn0.gstatic.com/images?q=tbn:ANd9GcTWH4dlyhkzLILBEW1oy4ufRLlmoWH5ZgU2j0o76MEHezeTPOTZ6i6M-0Xig9c&s']"
Marie Jeanne Durry,"['Durry, Marie Jeanne,1901-']",[[Madame de la Fayette.]],[1962.0],"['Paris, ']",['fre'],[nan],[nan],1962.0,1962.0,1,['https://encrypted-tbn0.gstatic.com/images?q=tbn:ANd9GcQda5gj82gmvxlk3FsrsdXRcTI36q925Kfmv9K_XhEKYpDzDoBomiC_O2bcpEY&s']
Paul Arthur Schilpp,"['Schilpp, Paul Arthur,1897-1993.']",[[The philosophy of Karl Jaspers /]],[1957.0],"['New York,']",['eng'],[nan],[nan],1957.0,1957.0,1,['https://encrypted-tbn0.gstatic.com/images?q=tbn:ANd9GcSNPxqIW99oU8J55Na9hzk_Xiw4jUcfDvStyOxJDF6oTDRAsSRaG-UwVCX4h-A&s']
Anne Kingsmill FinchCountess of Winchilsea,"['Winchilsea, Anne Kingsmill Finch,Countess of,1661-1720.']",[[The spleen : a pindarique ode. By a lady. Together with A prospect of death: a pindarique essay.]],[1709.0],"['London : printed and sold by H. Hills,']",['eng'],[nan],['Foxon F141'],1709.0,1709.0,1,['https://encrypted-tbn0.gstatic.com/images?q=tbn:ANd9GcQ_4i1XoCvqOvfGwWh_R5ricWjmi5i_1bzMzV-eoG59dYoeDJyzeh_r77fJXg&s']
Muir Maclaren,"['Maclaren, Muir,1912-']",[[Meat and music stories from the Valley of the Liddel]],[1988.0],['Jedburgh Jedburgh'],['eng'],['Legends'],[nan],1988.0,1988.0,1,['https://encrypted-tbn0.gstatic.com/images?q=tbn:ANd9GcQM3eyw9JxBubHcQCMYnETibH139sc5DSKiKGas5IimDWrDe6Yg1jrFO--0Ig&s']
Lloyd P. Gerson,"['Gerson, Lloyd P.']",[[Aristotle and other Platonists /]],[2005.0],"['Ithaca ; London : Cornell University Press,']",['eng'],['Platonists.'],"[""What is Platonism? -- The exoteric writings and the early Aristotle -- The categories of reality -- Nature and its principles -- Psychology : souls and intellects -- Aristotle's Metaphysics -- Aristotle and the forms -- Aristotle's Ethics -- Aristotle : Platonist malgré lui?""]",2005.0,2005.0,1,['https://encrypted-tbn0.gstatic.com/images?q=tbn:ANd9GcQJvZlDWn9SVyFuwVCgi20Zamvtg_qORcbSJMoyNF_hfDHf6bI7ZkItDvHsLw&s']
Susan M. Griffin,"['Griffin, Susan M.,1953-']",[[All a novelist needs : Colm Tóibín on Henry James /]],[2010.0],"['Baltimore, Md. : Johns Hopkins University Press,']",['eng'],"['James, Henry, 1843-1916']",['Includes bibliographical references and index.'],2010.0,2010.0,1,['https://encrypted-tbn0.gstatic.com/images?q=tbn:ANd9GcQOVIec9QC5Xdhok14PxhkmQsxwjHoZOFVW59RWqsmRZmCqwa32VWreBoS99Go&s']
G. P. Velo,"['Velo, G. P.(Giampaolo P.),1943-']","[[Side-effects of anti-inflammatory drugs proceedings of the 2nd International Meeting on the Side-Effects of Anti-Inflammatory-Analgesic Drugs, held at Cambridge, 31st July-2nd August 1985]]",[1987.0],"['Lancaster MTP,']",['eng'],['Anti-inflammatory agents'],['Includes bibliography and index'],1987.0,1987.0,1,['https://encrypted-tbn0.gstatic.com/images?q=tbn:ANd9GcQ2K1NItx6wVCyPQd_ri9QzngNcK4Vru5NM8ACekZ-fXEOIwg5P11JGgIxwSHQ&s']
Michael Harvey,"['Harvey, Michael,1931-2013.']",[[Who owned the last Norfolk wherry? : Messrs. Woods Sadd & Moore /]],[1974.0],"['[Lanark] : Wild Hawthorn Press,']",['eng'],[nan],"['Catalogue raisonné,']",1974.0,1974.0,1,['https://encrypted-tbn0.gstatic.com/images?q=tbn:ANd9GcTtyYsE167K3BmErQ-gOfwVffbf0sPzmohtRBRGgINEZmRNgn6cYalNorXerg&s']
Wilfrid Blunt,"['Blunt, Wilfrid,1901-1987.']","[[Lady Muriel. Lady Muriel Paget, her husband, and her philanthropic work in central and Eastern Europe. [With plates, including portraits, and illustrations.]]]",[1962.0],"['London,']",['eng'],[nan],[nan],1962.0,1962.0,1,['https://encrypted-tbn0.gstatic.com/images?q=tbn:ANd9GcSHb1X-yIbERLY5lo7Z1VKj1J5zeXOkgjEy9RJi-8prDg2Hoa4M1TtHRw7ApMM&s']
Arthur Rosenberg,"['Rosenberg, Arthur,1889-1943.']","[[Imperial Germany : the birth of the German republic, 1871-1918 /]]",[1970.0],"['New York ; London : Oxford University Press,']",['eng'],[nan],['Includes bibliographical references and index'],1970.0,1970.0,1,['https://encrypted-tbn0.gstatic.com/images?q=tbn:ANd9GcTcrgjzZ7VuSNlvxombPzzwlWuahI-IzqMZKZvaAHKw09kzTmETwh9zJ8MEbbk&s']
Pascoe Marshall,"['Marshall, Pascoe,1886-1958.']",[[My story memories of Bournemouth and district in the late 19th and early 20th centuries]],[1981.0],['Bournemouth Bournemouth Local Studies'],['eng'],[nan],[nan],1981.0,1981.0,1,['https://encrypted-tbn0.gstatic.com/images?q=tbn:ANd9GcRnW8aH8Dhd8RUV0OZm26cP3h0rn5sLcf4M9xRAiaJ44TbBy8u155D7BuGsBw&s']
